algorithm,accuracy,sensitivity,specificity,kappa,f1,precision,tp,fp,tn,fn
vader,0.5108695652173914,0.5,0.5333333333333333,0.02908067542213888,0.5794392523364486,0.6888888888888889,31,31,16,14
textblob,0.34782608695652173,0.14516129032258066,0.7666666666666667,-0.06317411402157158,0.2307692307692308,0.5625,9,53,23,7
naive_bayes,0.4782608695652174,0.532258064516129,0.36666666666666664,-0.09306930693069315,0.5789473684210527,0.6346153846153846,33,29,11,19
