algorithm,accuracy,f1,precision,sensitivity,specificity
nbb,0.7027027027027027,0.6666666666666667,0.6875,0.6470588235294118,0.75
lgr,0.7297297297297297,0.7222222222222222,0.6842105263157895,0.7647058823529411,0.7
svm,0.7837837837837838,0.7777777777777778,0.7368421052631579,0.8235294117647058,0.75
max,0.7297297297297297,0.7222222222222222,0.6842105263157895,0.7647058823529411,0.7
