algorithm,accuracy,f1,precision,sensitivity,specificity
nbb,0.5945945945945946,0.6341463414634146,0.52,0.8125,0.42857142857142855
lgr,0.6756756756756757,0.6842105263157896,0.5909090909090909,0.8125,0.5714285714285714
svm,0.7027027027027027,0.717948717948718,0.6086956521739131,0.875,0.5714285714285714
max,0.6756756756756757,0.6842105263157896,0.5909090909090909,0.8125,0.5714285714285714
