algorithm,accuracy,f1,precision,sensitivity,specificity
nbb,0.6756756756756757,0.6470588235294118,0.6470588235294118,0.6470588235294118,0.7
lgr,0.7027027027027027,0.7027027027027027,0.65,0.7647058823529411,0.65
svm,0.7027027027027027,0.6857142857142857,0.6666666666666666,0.7058823529411765,0.7
max,0.7027027027027027,0.7027027027027027,0.65,0.7647058823529411,0.65
