algorithm,accuracy,sensitivity,specificity,kappa,f1,precision,tp,fp,tn,fn
decision_tree,0.6956521739130435,0.9411764705882353,0.0,-0.08053691275167796,0.8205128205128205,0.7272727272727273,16,1,0,6
max_entrophy,0.6086956521739131,0.8235294117647058,0.0,-0.21052631578947367,0.7567567567567567,0.7,14,3,0,6
naive_bayes,0.7391304347826086,1.0,0.0,0.0,0.85,0.7391304347826086,17,0,0,6
